benchmark,seed,naive_proxy_delta_n64_vs_n1,naive_true_delta_n64_vs_n1,repair_true_gain_n64_over_naive,repair_precision_gain_n64_over_naive,oracle_gap_n64_over_repair
CartPole-v1,17,1.5036232064240664,10.362380968199684,0.004005399297639656,0.7013749704021393,-1.8518599226524657e-05
CartPole-v1,29,1.5957642329510016,6.055258182637198,-6.538397878841771,0.778216129402856,-0.024455262712416825
MountainCar-v0,17,0.2296434459130392,-1.1908014870652672,4.182615411904322,0.6433748946865397,0.0
MountainCar-v0,29,1.8606534959969938,4.66538146124243,0.0,0.5085714285714286,0.0
Acrobot-v1,17,12.024997438458314,2.077456374147239,-2.6966934029983207,0.627732060783753,0.0
Acrobot-v1,29,15.453771673042986,0.2496028576714835,-0.21180533301281912,0.6671534076568668,1.4931277228798265
